{
	"info": {
		"_postman_id": "e67b436c-589a-4037-9ce7-6b743602c5f5",
		"name": "chitai_gorod_cart_operations",
		"schema": "https://schema.getpostman.com/json/collection/v2.1.0/collection.json"
	},
	"item": [
		{
			"name": "Add to cart",
			"item": [
				{
					"name": "Add item to cart",
					"event": [
						{
							"listen": "test",
							"script": {
								"exec": [
									"postman.setNextRequest('Change quantity (2)');"
								],
								"type": "text/javascript"
							}
						}
					],
					"protocolProfileBehavior": {
						"disabledSystemHeaders": {
							"content-type": true,
							"content-length": true,
							"user-agent": true
						}
					},
					"request": {
						"auth": {
							"type": "bearer",
							"bearer": [
								{
									"key": "token",
									"value": "{{Bearer_token}}",
									"type": "string"
								}
							]
						},
						"method": "POST",
						"header": [
							{
								"key": "Content-Type",
								"value": "application/json",
								"type": "default"
							},
							{
								"key": "Cache-Control",
								"value": "no-store, no-cache, must-revalidate, proxy-revalidate, max-age=0",
								"type": "default"
							},
							{
								"key": "Content-Length",
								"value": "57",
								"type": "default"
							},
							{
								"key": "Cookie",
								"value": "{{Cookie}}",
								"type": "default"
							},
							{
								"key": "User-Agent",
								"value": "Mozilla/5.0 (Macintosh; Intel Mac OS X 10_15_7) AppleWebKit/537.36 (KHTML, like Gecko) Chrome/125.0.0.0 Safari/537.36",
								"type": "default"
							},
							{
								"key": "Authorization",
								"value": "",
								"type": "default",
								"disabled": true
							}
						],
						"body": {
							"mode": "raw",
							"raw": "{\"id\":{{Id}},\"adData\":{\"item_list_name\":\"product-page\"}}"
						},
						"url": {
							"raw": "https://web-gate.chitai-gorod.ru/api/v1/cart/product",
							"protocol": "https",
							"host": [
								"web-gate",
								"chitai-gorod",
								"ru"
							],
							"path": [
								"api",
								"v1",
								"cart",
								"product"
							]
						}
					},
					"response": []
				}
			]
		},
		{
			"name": "Change quant",
			"item": [
				{
					"name": "Change quantity (2)",
					"event": [
						{
							"listen": "test",
							"script": {
								"exec": [
									"postman.setNextRequest('Change quantity (1)');"
								],
								"type": "text/javascript"
							}
						}
					],
					"protocolProfileBehavior": {
						"disabledSystemHeaders": {
							"content-type": true,
							"content-length": true,
							"user-agent": true
						}
					},
					"request": {
						"auth": {
							"type": "bearer",
							"bearer": [
								{
									"key": "token",
									"value": "{{Bearer_token}}",
									"type": "string"
								}
							]
						},
						"method": "PUT",
						"header": [
							{
								"key": "Content-Type",
								"value": "application/json",
								"type": "default"
							},
							{
								"key": "Cache-Control",
								"value": "no-store, no-cache, must-revalidate, proxy-revalidate, max-age=0",
								"type": "default"
							},
							{
								"key": "Content-Length",
								"value": "31",
								"type": "default"
							},
							{
								"key": "Cookie",
								"value": "{{Cookie}}",
								"type": "default"
							},
							{
								"key": "User-Agent",
								"value": "Mozilla/5.0 (Macintosh; Intel Mac OS X 10_15_7) AppleWebKit/537.36 (KHTML, like Gecko) Chrome/125.0.0.0 Safari/537.36",
								"type": "default"
							},
							{
								"key": "Sec-Fetch-Mode",
								"value": "cors",
								"type": "default"
							},
							{
								"key": "Sec-Ch-Ua-Platform",
								"value": "\"macOS\"",
								"type": "default"
							},
							{
								"key": "Sec-Ch-Ua",
								"value": "\"Google Chrome\";v=\"125\", \"Chromium\";v=\"125\", \"Not.A/Brand\";v=\"24\"",
								"type": "default"
							},
							{
								"key": "Authorization",
								"value": "eyJhbGciOiJIUzI1NiIsInR5cCI6IkpXVCJ9.eyJleHAiOjE3MTk5ODgxOTIsImlhdCI6MTcxOTgyMDE5MiwiaXNzIjoiL2FwaS92MS9hdXRoL2Fub255bW91cyIsInN1YiI6ImNmMDUxOWYzNGI0Yzg2YmI3NjQ4ZjY5MjM4YmJhOTJhMzYwZTg5Yzc3ZTM3NzI0ZjI3ZjBmYjdmZjM0MmE2YmYiLCJ0eXBlIjoxMH0.D4pJ7UAOviBWUOc2SXND27VJHtqrJcZY17x_WY97ZRE",
								"type": "default",
								"disabled": true
							}
						],
						"body": {
							"mode": "raw",
							"raw": "[{\"id\":{{id_for_ch_quantity}},\"quantity\":2}]"
						},
						"url": {
							"raw": "https://web-gate.chitai-gorod.ru/api/v1/cart",
							"protocol": "https",
							"host": [
								"web-gate",
								"chitai-gorod",
								"ru"
							],
							"path": [
								"api",
								"v1",
								"cart"
							]
						}
					},
					"response": []
				},
				{
					"name": "Change quantity (1)",
					"event": [
						{
							"listen": "test",
							"script": {
								"exec": [
									"postman.setNextRequest('Delete item from cart');"
								],
								"type": "text/javascript"
							}
						}
					],
					"protocolProfileBehavior": {
						"disabledSystemHeaders": {
							"content-type": true,
							"content-length": true,
							"user-agent": true
						}
					},
					"request": {
						"auth": {
							"type": "bearer",
							"bearer": [
								{
									"key": "token",
									"value": "{{Bearer_token}}",
									"type": "string"
								}
							]
						},
						"method": "PUT",
						"header": [
							{
								"key": "Content-Type",
								"value": "application/json",
								"type": "default"
							},
							{
								"key": "Cache-Control",
								"value": "no-store, no-cache, must-revalidate, proxy-revalidate, max-age=0",
								"type": "default"
							},
							{
								"key": "Content-Length",
								"value": "31",
								"type": "default"
							},
							{
								"key": "Cookie",
								"value": "{{Cookie}}",
								"type": "default"
							},
							{
								"key": "User-Agent",
								"value": "Mozilla/5.0 (Macintosh; Intel Mac OS X 10_15_7) AppleWebKit/537.36 (KHTML, like Gecko) Chrome/125.0.0.0 Safari/537.36",
								"type": "default"
							}
						],
						"body": {
							"mode": "raw",
							"raw": "[{\"id\":{{id_for_ch_quantity}},\"quantity\":1}]"
						},
						"url": {
							"raw": "https://web-gate.chitai-gorod.ru/api/v1/cart",
							"protocol": "https",
							"host": [
								"web-gate",
								"chitai-gorod",
								"ru"
							],
							"path": [
								"api",
								"v1",
								"cart"
							]
						}
					},
					"response": []
				}
			]
		},
		{
			"name": "Delete_from_cart",
			"item": [
				{
					"name": "Delete item from cart",
					"event": [
						{
							"listen": "test",
							"script": {
								"exec": [
									""
								],
								"type": "text/javascript"
							}
						}
					],
					"protocolProfileBehavior": {
						"disabledSystemHeaders": {
							"content-type": true,
							"content-length": true,
							"user-agent": true,
							"host": true
						}
					},
					"request": {
						"auth": {
							"type": "bearer",
							"bearer": [
								{
									"key": "token",
									"value": "{{Bearer_token}}",
									"type": "string"
								}
							]
						},
						"method": "DELETE",
						"header": [
							{
								"key": "Content-Type",
								"value": "application/json",
								"type": "default"
							},
							{
								"key": "Cache-Control",
								"value": "no-store, no-cache, must-revalidate, proxy-revalidate, max-age=0",
								"type": "default"
							},
							{
								"key": "Content-Length",
								"value": "57",
								"type": "default",
								"disabled": true
							},
							{
								"key": "Cookie",
								"value": "{{Cookie}}",
								"type": "default"
							},
							{
								"key": "User-Agent",
								"value": "Mozilla/5.0 (Macintosh; Intel Mac OS X 10_15_7) AppleWebKit/537.36 (KHTML, like Gecko) Chrome/125.0.0.0 Safari/537.36",
								"type": "default"
							},
							{
								"key": "Referer",
								"value": "",
								"type": "default"
							},
							{
								"key": "Host",
								"value": "web-gate.chitai-gorod.ru",
								"type": "default"
							}
						],
						"url": {
							"raw": "https://web-gate.chitai-gorod.ru/api/v1/cart/product/131336903",
							"protocol": "https",
							"host": [
								"web-gate",
								"chitai-gorod",
								"ru"
							],
							"path": [
								"api",
								"v1",
								"cart",
								"product",
								"131336903"
							]
						}
					},
					"response": []
				}
			]
		}
	]
}