{
	"id": "b8183d1a-121b-48a7-a5ea-0f16f09ff850",
	"name": "chitai_gorod",
	"values": [
		{
			"key": "Bearer_token",
			"value": "",
			"type": "default",
			"enabled": true
		},
		{
			"key": "Cookie",
			"value": "",
			"type": "default",
			"enabled": true
		},
		{
			"key": "Id",
			"value": "",
			"type": "default",
			"enabled": true
		},
		{
			"key": "id_for_ch_quantity",
			"value": "",
			"type": "default",
			"enabled": true
		}
	],
	"_postman_variable_scope": "environment",
	"_postman_exported_at": "2024-07-01T13:07:50.236Z",
	"_postman_exported_using": "Postman/9.11.0"
}